{
  "hash": "deb8d0dc",
  "configHash": "55cb893b",
  "lockfileHash": "9fc9a7f1",
  "browserHash": "8af5db9a",
  "optimized": {
    "@angular/core": {
      "src": "../../../../../../node_modules/@angular/core/fesm2022/core.mjs",
      "file": "@angular_core.js",
      "fileHash": "22835dae",
      "needsInterop": false
    },
    "@angular/platform-browser": {
      "src": "../../../../../../node_modules/@angular/platform-browser/fesm2022/platform-browser.mjs",
      "file": "@angular_platform-browser.js",
      "fileHash": "9c7da195",
      "needsInterop": false
    },
    "@angular/router": {
      "src": "../../../../../../node_modules/@angular/router/fesm2022/router.mjs",
      "file": "@angular_router.js",
      "fileHash": "4f720cc0",
      "needsInterop": false
    },
    "@angular/common": {
      "src": "../../../../../../node_modules/@angular/common/fesm2022/common.mjs",
      "file": "@angular_common.js",
      "fileHash": "cbf2383f",
      "needsInterop": false
    },
    "@angular/forms": {
      "src": "../../../../../../node_modules/@angular/forms/fesm2022/forms.mjs",
      "file": "@angular_forms.js",
      "fileHash": "9b509028",
      "needsInterop": false
    },
    "@angular/common/http": {
      "src": "../../../../../../node_modules/@angular/common/fesm2022/http.mjs",
      "file": "@angular_common_http.js",
      "fileHash": "c90e81ed",
      "needsInterop": false
    }
  },
  "chunks": {
    "chunk-77T4RW2Q": {
      "file": "chunk-77T4RW2Q.js"
    },
    "chunk-HVF36QVL": {
      "file": "chunk-HVF36QVL.js"
    },
    "chunk-55WSUAAI": {
      "file": "chunk-55WSUAAI.js"
    },
    "chunk-SOL5XZJW": {
      "file": "chunk-SOL5XZJW.js"
    },
    "chunk-LKBYGJ3F": {
      "file": "chunk-LKBYGJ3F.js"
    }
  }
}